<?xml version="1.0" encoding="UTF-8"?>
<project-private xmlns="http://www.netbeans.org/ns/project-private/1">
    <editor-bookmarks xmlns="http://www.netbeans.org/ns/editor-bookmarks/2" lastBookmarkId="0"/>
    <open-files xmlns="http://www.netbeans.org/ns/projectui-open-files/2">
        <group>
            <file>file:/C:/Users/ivanu/Videos/Prgramas%20de%20Salvador/ProyectoFinal%20ArbolesB/13.6/problema%2013.6/src/arbol_binario/Arbol_binario.java</file>
            <file>file:/C:/Users/ivanu/Videos/Prgramas%20de%20Salvador/ProyectoFinal%20ArbolesB/13.6/problema%2013.6/src/arbol_binario/abb.java</file>
        </group>
    </open-files>
</project-private>
