<?xml version="1.0" encoding="UTF-8"?>
<project-private xmlns="http://www.netbeans.org/ns/project-private/1">
    <editor-bookmarks xmlns="http://www.netbeans.org/ns/editor-bookmarks/2" lastBookmarkId="0"/>
    <open-files xmlns="http://www.netbeans.org/ns/projectui-open-files/2">
        <group>
            <file>file:/C:/Users/ivanu/Videos/Prgramas%20de%20Salvador/ProyectoFinal%20ArbolesB/13.11-13.12/src/pkg13/pkg11/Arbol.java</file>
            <file>file:/C:/Users/ivanu/Videos/Prgramas%20de%20Salvador/ProyectoFinal%20ArbolesB/13.11-13.12/src/pkg13/pkg11/Main.java</file>
            <file>file:/C:/Users/ivanu/Videos/Prgramas%20de%20Salvador/ProyectoFinal%20ArbolesB/13.11-13.12/src/pkg13/pkg11/Nodo.java</file>
        </group>
    </open-files>
</project-private>
